URL,Priority
https://outsourcesu.com,High
https://outsourcesu.com/services,High
https://outsourcesu.com/contact,High
https://outsourcesu.com/about,High
https://outsourcesu.com/construction-seo,High
https://outsourcesu.com/professional-services-seo,High
https://outsourcesu.com/real-estate-seo,High
https://outsourcesu.com/roofing-seo-services-uk,High
https://outsourcesu.com/best-roofing-seo-specialists,High
https://outsourcesu.com/best-roofing-company-seo,High
https://outsourcesu.com/best-law-firm-seo,High
https://outsourcesu.com/best-dentists-seo,High
https://outsourcesu.com/best-accountants-seo,High
https://outsourcesu.com/best-architects-seo,High
https://outsourcesu.com/best-financial-seo,High
https://outsourcesu.com/best-plumbers-seo,High
https://outsourcesu.com/white-label-seo,High
https://outsourcesu.com/professional-seo-services-uk,High
